Aleja "Psotki i Śmieszki";Inne
Aleja Barbary Zbrożyny;Patroni
Aleja Górnośląska;Geograficzne
Aleja Krakowska;Geograficzne
Aleja Siostry Anieli Gertrudy Smoła;Patroni
Aleja Wandy Chotomskiej;Patroni
Aleja Wielkopolski;Geograficzne
Aleja gen. Władysława Sikorskiego;Patroni
Leśniczówka Wądołek;Inne
Most Baildona;Patroni
Most im. Kresowiaków;Patroni
Most im. gen. bryg. Mieczysława Boruty-Spiechowicza;Patroni
Nabrzeże Gdańskie;Geograficzne
Nabrzeże Kapitanatu;Techniczne
Nabrzeże Noteckie;Geograficzne
Nabrzeże Polskie;Geograficzne
Os. Młocki Górne;Inne
Osiedle 35-lecia PRL;Historyczne
Osiedle Czuby;Inne
Osiedle Dolina Dębiny;Przyrodnicze
Osiedle Dębicz;Przyrodnicze
Osiedle Jedność;Neutralne
Osiedle Nowy Świat;Neutralne
Osiedle Pawlikowskiego;Patroni
Osiedle Podzamcze Sektor C;Neutralne
Osiedle Południowe;Neutralne
Osiedle Płaśnie;Inne
Osiedle Siejnik I;Inne
Osiedle Łokietka;Patroni
Park Ferberów;Patroni
Park Jana Jonsona;Patroni
Park Seledynowa Wyspa przy Starym Dworku;Przyrodnicze
Park Trzy Wyspy;Przyrodnicze
Park Zdzisława Śpiewaka;Patroni
Park im. gen. Augusta Fieldorfa-Nila;Patroni
Park imienia Tadeusza Kościuszki;Patroni
Park imienia Świętej Siostry Marii Faustyny Kowalskiej;Patroni
Pl. Stanisława Wyspiańskiego;Patroni
Pl. Wolności;Historyczne
Plac Floriana;Patroni
Plac Fryderyka Skarbka;Patroni
Plac Harcerski im. ks. Zdzisława Peszkowskiego;Patroni
Plac Ignacego Potockiego;Patroni
Plac Ottomara Oertela;Patroni
Plac PCK;Techniczne
Plac Pamięci Narodowej;Historyczne
Plac Podzamcze;Neutralne
Plac Walczących o Niepodległą Polskę;Historyczne
Plac Zamielno;Inne
Promenada Przyjaźni;Neutralne
Rondo 2 Pułku Lotnictwa Myśliwskiego "Kraków";Historyczne
Rondo Antoniego Matecznego;Patroni
Rondo Braniewskie;Geograficzne
Rondo Błogosławionego Ojca Honorata Koźmińskiego;Patroni
Rondo Golejowskie im. Teodora Miery;Patroni
Rondo Górników Kopalni Mysłowice;Techniczne
Rondo Herberta Hoovera;Patroni
Rondo Kolejarzy;Techniczne
Rondo Kolejarzy Słupskich;Techniczne
Rondo Królewskiej Huty;Historyczne
Rondo Marszałka Sejmu RP Macieja Płażyńskiego;Patroni
Rondo Michała Otawskiego;Patroni
Rondo Nanice;Inne
Rondo Ofiar 2 Lutego 1944 Roku;Historyczne
Rondo Ofiar Tragedii w Roszarni;Historyczne
Rondo Ojca Bernarda;Patroni
Rondo Piotra Bednarza;Patroni
Rondo Siarkopolu Grzybów;Inne
Rondo Sądeckich Żołnierzy Wyklętych;Historyczne
Rondo Twierdza;Historyczne
Rondo Zgrupowania AK "Radosław";Historyczne
Rondo Zgrupowania AK Błonie Bagno;Historyczne
Rondo im. Karola Kality "Rębajły";Patroni
Rondo im. Ratowników Górskich;Techniczne
Rondo im. Zbigniewa Herberta;Patroni
Rondo im. kpt. Aleksandra Kunickiego;Patroni
Rondo im. marszałka Ferdynanda Focha;Patroni
Rondo im. siostry Czesławy Lorek;Patroni
Rondo ks. Jana Doeringa;Patroni
Rondo plut. Romana Zycha;Patroni
Rondo Żwakowskie;Inne
Rynek Staromiejski;Neutralne
Skwer 4 czerwca 1989 roku;Historyczne
Skwer Bronisława Geremka;Patroni
Skwer Czesława Niemena;Patroni
Skwer Georges'a Clemenceau;Patroni
Skwer Imienia Aleksandra Hrabiego Fredry;Patroni
Skwer Istvána Almásiego;Patroni
Skwer Księdza Prałata Zbigniewa Kutzana;Patroni
Skwer Marii i Lecha Kaczyńskich;Patroni
Skwer Matki;Neutralne
Skwer Prażaby Czatkowickiej;Przyrodnicze
Skwer Represjonowanych Żołnierzy-Górników;Historyczne
Skwer Stanisława Zgaińskiego;Patroni
Skwer Sybiraków;Historyczne
Skwer Zbigniewa Wodeckiego;Patroni
Skwer asp. Jana Górskiego;Patroni
Skwer gen. Jana Jura-Gorzechowskiego;Patroni
Skwer im. Anni Piaseckiej;Patroni
Skwer im. Jerzego Jarockiego;Patroni
Skwer im. Studenckiego Komitetu Solidarności;Historyczne
Skwer im. Szoty Rustawelego;Patroni
Skwer płk. Zdzisława Kuźmirskiego-Pacaka;Patroni
Stanisława Zierhoffera;Patroni
Wybrzeże Władysława IV;Patroni
Zaułek Władysława Panasa;Patroni
al. Al. Wędkarzy;Techniczne
al. Aleja 100-lecia autokefalii Polskiego Autokefalicznego Kościoła Prawosławnego;Historyczne
al. Aleja Parkowa;Przyrodnicze
al. Aleja Sybiraków;Historyczne
al. Aleja gen. Marii Wittek;Patroni
al. Generała Gustawa Orlicz-Dreszera;Patroni
al. Powstańców;Historyczne
al. gen. Charles'a de Gaulle'a;Patroni
al. Świerkowa;Przyrodnicze
inne pasaż Barbary Połomskiej;Patroni
os. Beskid;Geograficzne
os. Józefa Piłsudskiego;Patroni
os. Konfederacji Tatrzańskiej;Historyczne
os. Osiedle Bartek;Inne
os. Sadowy;Przyrodnicze
park 100-lecia odzyskania niepodległości;Historyczne
park Jana Kasprowicza;Patroni
park Legionów;Historyczne
park Nad Jasieniem;Przyrodnicze
park Park Sielecki;Inne
park Park im. Rotmistrza Witolda Pileckiego;Patroni
park Park im. Stanisława Kostki;Patroni
park dr. Władysława Morasiewicza;Patroni
park im. Jana Nowaka-Jeziorańskiego;Patroni
park im. Kazimierza Pilata "Zaremba";Patroni
park im. Św. Jana Pawła II;Patroni
park Śródmiejski;Neutralne
pasaż im. Rotmistrza Witolda Pileckiego;Patroni
pl. 1000-lecia Państwa Polskiego;Historyczne
pl. Kardynała Stefana Wyszyńskiego;Patroni
pl. Krakowski;Geograficzne
pl. Ludwika Hirszfelda;Patroni
pl. Ofiar niemieckiego Obozu "Budzyń";Historyczne
pl. Plac księdza Jana Winiarskiego;Patroni
pl. Plac Św. Św. Piotra i Pawła;Patroni
pl. Polskiego Czerwonego Krzyża;Techniczne
pl. Sprawiedliwości;Neutralne
pl. Szerokowidze;Inne
pl. Tysiąclecia Państwa Polskiego;Historyczne
pl. Wiślany;Przyrodnicze
pl. Władysława Próchniewicza;Patroni
przejście podziemne "Zielonka Letnisko";Inne
rondo Generała Antoniego Hedy-Szarego;Patroni
rondo Jacka Tramiela;Patroni
rondo Jana Dudziaka;Patroni
rondo Janusza Kusocińskiego;Patroni
rondo Królowej Ryksy Elżbiety;Patroni
rondo Księdza Arcybiskupa Kazimierza Majdańskiego;Patroni
rondo Majora Franciszka Jaskulskiego "Zagończyka";Patroni
rondo Mariana Hemara;Patroni
rondo Na Oazie;Inne
rondo Niepodległej;Historyczne
rondo Ofiar Obławy Augustowskiej;Historyczne
rondo Pamięci Ofiar Zbrodni Wołyńskiej;Historyczne
rondo Pierwszych Osadników Ziemi Dolnobrzeskiej;Historyczne
rondo Polskiej Macierzy Szkolnej;Techniczne
rondo Ronalda Reagana;Patroni
rondo Rondo Adama Słodowego;Patroni
rondo Rondo Akcji III Most;Historyczne
rondo Rondo Wadowicke;Geograficzne
rondo Rondo gen. Stanisława Skalskiego;Patroni
rondo Rondo im. Henryka Ferenca;Patroni
rondo Wielki Koniec;Inne
rondo Zesłańców Sybiru;Historyczne
rondo im. Gen. Augusta Emila Fieldorfa "Nila";Patroni
rondo im. Księdza Adama Skałbani;Patroni
rondo im. Księdza Jerzego Popiełuszki;Patroni
rondo im. Wiktorii Czerwionki;Patroni
rondo ppłk Wacława Rejmaka pseud. Ostoja;Patroni
rondo prof. Władysława Kuraszkiewicza;Patroni
rondo Żołnierzy Wyklętych 1944-1956;Historyczne
rynek Mały Rynek;Neutralne
rynek Nowosolna;Geograficzne
skwer Cyganka;Inne
skwer Filipiny i Konstancji Studzińskich;Patroni
skwer Franciszka Kubiaka;Patroni
skwer Henryka Derwicha;Patroni
skwer Kardynała Ignacego Jeża;Patroni
skwer Pracowników Zakładów Starachowickich;Techniczne
skwer Ptyś;Inne
skwer Skwer Rodziny Ulmów;Patroni
skwer Skwer Rotary Club Jelenia Góra;Inne
skwer Skwer Ryszarda Jana Szurkowskiego;Patroni
skwer Stanisława Pawlickiego;Patroni
skwer Teresy Ciepły;Patroni
skwer Wzajemnego Szacunku;Neutralne
skwer arch. Ignacego Kędzierskiego;Patroni
skwer św. Zygmunta Szczęsnego Felińskiego;Patroni
ul. 1 Dywizji;Historyczne
ul. 18 Maja;Historyczne
ul. 2-go Pułku Berlińskiego;Historyczne
ul. 20 Straconych;Historyczne
ul. 22;Neutralne
ul. 23 Maja;Historyczne
ul. 3-go Pułku Ułanów;Historyczne
ul. 4 Stycznia;Historyczne
ul. 40;Neutralne
ul. 40 Lecia;Historyczne
ul. 550-lecia Stawisk;Historyczne
ul. 60 Pułku Piechoty Wielkopolskiej;Historyczne
ul. 700-lecia;Historyczne
ul. 9 Pułku Artylerii Ciężkiej;Historyczne
ul. A. Morsztyna;Patroni
ul. Abramowicka;Geograficzne
ul. Achajska;Geograficzne
ul. Adama Jana Ostaszewskiego;Patroni
ul. Adama Prażmowskiego;Patroni
ul. Adama i Hieronima Rusieckich;Patroni
ul. Aleja Andrzeja Krzyształowicza;Patroni
ul. Aleja Dębów;Przyrodnicze
ul. Aleja Henryka;Patroni
ul. Aleja Kompozytorów Polskich;Patroni
ul. Aleja Otto Sterna;Patroni
ul. Aleja Platanowa;Przyrodnicze
ul. Aleja Siedlecka;Geograficzne
ul. Aleksandra Baumgardtena;Patroni
ul. Aleksandra Fredry;Patroni
ul. Aleksandra Rylkeke;Patroni
ul. Aleksandra Studniarskiego;Patroni
ul. Alfonsa Flisykowskiego;Patroni
ul. Alfreda Liczbańskiego;Patroni
ul. Alfreda Milewskiego;Patroni
ul. Aliny i Czesława Centkiewiczów;Patroni
ul. Alka Dawidowskiego;Patroni
ul. Alojzego Smolki;Patroni
ul. Andrzeja Frycza-Modrzewskiego;Patroni
ul. Andrzeja Niemojewskiego;Patroni
ul. Anieli Gut-Stapińskiej;Patroni
ul. Anny Langfus;Patroni
ul. Anny Libera;Patroni
ul. Antoniego Biskupskiego;Patroni
ul. Antoniego Chwałkowskiego;Patroni
ul. Antoniego Gruszczyńskiego;Patroni
ul. Antoniego Odyńca;Patroni
ul. Antoniego Słomkowskiego;Patroni
ul. Arcybiskupa Ignacego Krasickiego;Patroni
ul. Astry;Przyrodnicze
ul. Augustyna Respondka;Patroni
ul. Awdańców;Historyczne
ul. Babia Góra;Przyrodnicze
ul. Bachledzki Wierch;Przyrodnicze
ul. Bajeczna;Neutralne
ul. Baletowa;Techniczne
ul. Banasiówka;Inne
ul. Baranowska;Geograficzne
ul. Baryki;Inne
ul. Baty;Inne
ul. Benedykta Porożyńskiego;Patroni
ul. Benedykta Tadeusza Dybowskiego;Patroni
ul. Beztroska;Neutralne
ul. Biały Kąt;Neutralne
ul. Biegowa;Techniczne
ul. Biernackiego;Patroni
ul. Boczańska;Neutralne
ul. Bogdanki;Inne
ul. Bogumiła Krygowskiego;Patroni
ul. Boguszewska;Geograficzne
ul. Bolesława Czerwieńskiego;Patroni
ul. Bolesława Książka;Patroni
ul. Bolesława Pobożnego;Patroni
ul. Bolesława Sztukowskiego;Patroni
ul. Bonara;Patroni
ul. Bożańska;Inne
ul. Braci Mniejszych;Patroni
ul. Brama Trębaczy;Inne
ul. Brata Alojzego Kosiby;Patroni
ul. Brojsce;Inne
ul. Bronisława Geremka;Patroni
ul. Bronisława Szwalma;Patroni
ul. Brzegówki;Przyrodnicze
ul. Brzezie;Przyrodnicze
ul. Brzeźniakówka;Inne
ul. Brzeźnieńska;Geograficzne
ul. Budzeń;Inne
ul. Budziszowska;Geograficzne
ul. Bujna;Przyrodnicze
ul. Bulwary nad Nacyną;Przyrodnicze
ul. Burowiecka;Geograficzne
ul. Burzyńska;Przyrodnicze
ul. Buszkowicka;Geograficzne
ul. C6;Neutralne
ul. C9;Neutralne
ul. Chełmowa;Przyrodnicze
ul. Chlewińska;Geograficzne
ul. Chrustowska;Geograficzne
ul. Chrystiana Piotra Aignera;Patroni
ul. Chrzanowskiego;Patroni
ul. Chrząstawska;Geograficzne
ul. Chróścińska;Geograficzne
ul. Chłodnikowa;Przyrodnicze
ul. Cierpicka;Geograficzne
ul. Cieszki;Inne
ul. Ciszy Leśnej;Przyrodnicze
ul. Codzienna;Neutralne
ul. Cyfrowa;Techniczne
ul. Czajkowa;Przyrodnicze
ul. Czarna Droga;Neutralne
ul. Czarna droga;Neutralne
ul. Czernicowa;Przyrodnicze
ul. Czerniowiecka;Geograficzne
ul. Czterech Pancernych;Historyczne
ul. Dalii;Przyrodnicze
ul. Dambka;Inne
ul. Dezyderego Chłapowskiego;Patroni
ul. Do Przystani;Neutralne
ul. Do Raju;Neutralne
ul. Do Strumyka;Przyrodnicze
ul. Dobieszynek;Geograficzne
ul. Dobrzańskiego;Patroni
ul. Dolina Karpia;Przyrodnicze
ul. Donas;Inne
ul. Dr Edwarda Rittlera;Patroni
ul. Droga Kościelna;Neutralne
ul. Droga Swarzewska;Geograficzne
ul. Drągowska;Geograficzne
ul. Dywicka;Geograficzne
ul. Dziekania;Inne
ul. Dzierzgońska;Geograficzne
ul. Dąbalska;Geograficzne
ul. Dębia Góra;Przyrodnicze
ul. Dębiecka;Geograficzne
ul. Długie Pobrzeże;Neutralne
ul. E. Orzeszkowej;Patroni
ul. Edwarda Serwańskiego;Patroni
ul. Eksploratorów Marsa;Techniczne
ul. Emila Caspariego;Patroni
ul. Encyklopedyczna;Neutralne
ul. Ernsta F. Zwirnera;Patroni
ul. Eugeniusza Płoskiego;Patroni
ul. Eustachego Sanguszki;Patroni
ul. Fiedlera;Patroni
ul. Filaretów;Historyczne
ul. Filozofów;Techniczne
ul. Fiśkowa Dolina;Przyrodnicze
ul. Floriana Stablewskiego;Patroni
ul. Folusz;Techniczne
ul. Fosa;Historyczne
ul. Franciszka Deji;Patroni
ul. Franciszka Grzywaczyka;Patroni
ul. Franciszka Gutki;Patroni
ul. Franciszka Lubeckiego;Patroni
ul. Franciszka Pieczki;Patroni
ul. Franciszki Marii Witkowskiej;Patroni
ul. Fryderyka Lempe;Patroni
ul. Furmaniec;Techniczne
ul. Gardowska;Geograficzne
ul. Gasztołda;Patroni
ul. Gawlasia;Inne
ul. Gen. Józefa Bema;Patroni
ul. Gen. Józefa Niemojewskiego;Patroni
ul. Gen. Stanisława Sosabowskiego;Patroni
ul. Glinów;Inne
ul. Gobelinowa;Techniczne
ul. Gostyńska;Geograficzne
ul. Grabieniec;Inne
ul. Grabowo;Inne
ul. Grajewska;Geograficzne
ul. Grocholskiego;Patroni
ul. Grzegórzecka;Geograficzne
ul. Grzymińska;Geograficzne
ul. Górnośląska;Geograficzne
ul. Górskiego Ochotniczego Pogotowia Ratunkowego;Techniczne
ul. Gąski Balbinki;Inne
ul. Głogowiec;Geograficzne
ul. Głubczycka;Geograficzne
ul. Hanny Mortkowicz-Olczakowej;Patroni
ul. Harcerzy R. P.;Historyczne
ul. Heliodora Laskowskiego;Patroni
ul. Henryka Arctowskiego;Patroni
ul. Henryka Lubomirskiego;Patroni
ul. Herbu Janina;Historyczne
ul. Hercyńska;Geograficzne
ul. Hetmana Gosiewskiego;Patroni
ul. Hetnołka;Inne
ul. Hipolitowska;Geograficzne
ul. Hrabiny Anieli Potulickiej;Patroni
ul. Huberta Stangenberga;Patroni
ul. Huby Moraskie;Geograficzne
ul. I Poprzeczna;Neutralne
ul. Ignacego Skorupki;Patroni
ul. Imielnicka;Geograficzne
ul. Ireny Dowgielewiczowej;Patroni
ul. J. Montwiłła;Patroni
ul. J. Rogowskiego;Patroni
ul. Jadwigi Wolskiej;Patroni
ul. Jagód;Przyrodnicze
ul. Jakobinów;Historyczne
ul. Jakuba Jasińskiego;Patroni
ul. Jama;Neutralne
ul. Jana Bożka;Patroni
ul. Jana Błaszczyka;Patroni
ul. Jana Lenarta;Patroni
ul. Jana Marii Gisgesa;Patroni
ul. Jana Sinapiusa;Patroni
ul. Jana Szczyrki;Patroni
ul. Jara;Przyrodnicze
ul. Jarzębiny;Przyrodnicze
ul. Jasków;Inne
ul. Jasna Polana;Przyrodnicze
ul. Jazowska;Geograficzne
ul. Jedność;Neutralne
ul. Jeremiasza;Patroni
ul. Jerzego Grodzińskiego;Patroni
ul. Jerzego Pleśniarowicza;Patroni
ul. Jerzego Zagórskiego;Patroni
ul. Joanny Żubr;Patroni
ul. Juhasowa;Inne
ul. Juliana Święcickiego;Patroni
ul. Juliusza Krauzego;Patroni
ul. Juliusza Sylli;Patroni
ul. Junaków;Historyczne
ul. Józefa Hoene-Wrońskiego;Patroni
ul. Józefa Klemensa Piłsudskiego;Patroni
ul. Józefa Korola;Patroni
ul. Józefa Kostrzewskiego;Patroni
ul. Józefa Mireckiego;Patroni
ul. Józefa Pawłowskiego;Patroni
ul. Józefa Wierzbickiego;Patroni
ul. Józefa Wiśmierskiego;Patroni
ul. Józefa Wolnego;Patroni
ul. K. Wyki;Patroni
ul. Kabat;Inne
ul. Kaczyńców;Przyrodnicze
ul. Kadetów Lwowskich;Historyczne
ul. Kaktusów;Przyrodnicze
ul. Kamieni;Przyrodnicze
ul. Kamil Norwida;Patroni
ul. Kamionka Mała;Geograficzne
ul. Kanada;Geograficzne
ul. Kapitana Aleksandra Ekielskiego;Patroni
ul. Kapuściana;Przyrodnicze
ul. Karabeli;Historyczne
ul. Kard. St. Wyszyńskiego;Patroni
ul. Kardynała Stanisława Hozjusza;Patroni
ul. Karla;Patroni
ul. Karliki;Przyrodnicze
ul. Karminowa;Przyrodnicze
ul. Karola Borchardta;Patroni
ul. Karola Bytomskiego;Patroni
ul. Karola Lewakowskiego;Patroni
ul. Karola Szaforza;Patroni
ul. Karosek;Inne
ul. Kastylijska;Geograficzne
ul. Kawalerska;Neutralne
ul. Kazimierza Czekalskiego;Patroni
ul. Kazimierza Jagiellończyka;Patroni
ul. Kazimierza Kamińskiego;Patroni
ul. Kazimierza Kownackiego;Patroni
ul. Kazimierza Łady;Patroni
ul. Kazuńska;Geograficzne
ul. Kielecka;Geograficzne
ul. Kisielice Małe;Geograficzne
ul. Klitne;Inne
ul. Klonowy Park;Przyrodnicze
ul. Kluczwody;Inne
ul. Kmieciaka;Patroni
ul. Knyszyńska;Geograficzne
ul. Kolonia Gruszkowa;Przyrodnicze
ul. Kolonia Zgorzelec;Geograficzne
ul. Komandora Romanowskiego;Patroni
ul. Komandora podporucznika Jana Grudzińskiego;Patroni
ul. Konopna;Przyrodnicze
ul. Konrad;Patroni
ul. Konstruktorska;Techniczne
ul. Kopaniewska;Geograficzne
ul. Korkowa;Techniczne
ul. Korycińska;Geograficzne
ul. Korzeńska;Geograficzne
ul. Kowieńska;Geograficzne
ul. Kozi Rynek;Neutralne
ul. Kozieradki;Przyrodnicze
ul. Koćmierzów;Geograficzne
ul. Kpt. Stanisława Pałaca;Patroni
ul. Kramczewska;Geograficzne
ul. Krochmalniki;Inne
ul. Kropla Rosy;Przyrodnicze
ul. Krotowskiego;Patroni
ul. Krośniewicka;Geograficzne
ul. Krupin;Inne
ul. Kruszowska;Geograficzne
ul. Krycha;Inne
ul. Krychnowicka;Geograficzne
ul. Krzysztofa Jakuba Putry;Patroni
ul. Krzywoustego;Patroni
ul. Króżańska;Geograficzne
ul. Ks. Aleksandra Tomkowida;Patroni
ul. Ks. Damiana Kominka;Patroni
ul. Księcia Przemysła I;Patroni
ul. Księcia Witolda;Patroni
ul. Księdza Ignacego Skorupki;Patroni
ul. Księdza Jana Kaji;Patroni
ul. Księdza Jana Niedziałka;Patroni
ul. Księdza Jerzego Aleksandra Popiełuszki;Patroni
ul. Księdza Kani;Patroni
ul. Księdza Kanonika Marka Żmudy;Patroni
ul. Księdza Konrada Lubińskiego;Patroni
ul. Księdza Mąkowskiego;Patroni
ul. Księdza Stanisława Zielińskiego;Patroni
ul. Księdza Wacława Gacka;Patroni
ul. Księdza Władysława Łaniewskiego;Patroni
ul. Księża Wieś;Neutralne
ul. Księżyca;Przyrodnicze
ul. Kuny;Przyrodnicze
ul. Kurantowa;Techniczne
ul. Kuźników;Techniczne
ul. Kwidzyniaków;Geograficzne
ul. Kwietna;Przyrodnicze
ul. Kwitnące Ogrody;Przyrodnicze
ul. Kąkolowa;Przyrodnicze
ul. Kąpie;Inne
ul. Kłokocińska;Geograficzne
ul. Lasocka;Geograficzne
ul. Lazurowe Wzgórza;Przyrodnicze
ul. Leona Frankowskiego;Patroni
ul. Leona Grzebyka;Patroni
ul. Leona Plejewskiego;Patroni
ul. Leona Walczaka;Patroni
ul. Leopolda;Patroni
ul. Lepsza;Neutralne
ul. Leszczyńskich;Patroni
ul. Leśniczego Grzywacza;Patroni
ul. Leśnych Zwierząt;Przyrodnicze
ul. Libeckiego;Patroni
ul. Libelta;Patroni
ul. Lidii Nartowskiej;Patroni
ul. Lilii;Przyrodnicze
ul. Liwska;Geograficzne
ul. Lubniewicka;Geograficzne
ul. Ludmiły Klaus;Patroni
ul. Ludwika Najdy;Patroni
ul. Lućmierska;Geograficzne
ul. M. Ogińskiego;Patroni
ul. Machny Ogrodzeńskiej;Patroni
ul. Macieja Moraczewskiego;Patroni
ul. Magnacka;Neutralne
ul. Maklakiewicza;Patroni
ul. Malin;Przyrodnicze
ul. Marchowska;Geograficzne
ul. Marcinówek;Geograficzne
ul. Mariana Budzyńskiego;Patroni
ul. Mariana Danysza;Patroni
ul. Mariana Hejnickiego;Patroni
ul. Mariana Nałęcza Mysłowskiego;Patroni
ul. Mariana Pelczara;Patroni
ul. Mariana Rejewskiego;Patroni
ul. Mariana Szuby;Patroni
ul. Marii Bolewskiej;Patroni
ul. Marii Curie-Skłodowskiej;Patroni
ul. Marii Fołtyn;Patroni
ul. Marii Opielińskiej;Patroni
ul. Marii Szembekowej;Patroni
ul. Marii Zientary-Malewskiej;Patroni
ul. Marii Świątkiewicz;Patroni
ul. Mariusza Zaruskiego;Patroni
ul. Markoszów;Inne
ul. Maruszewska;Geograficzne
ul. Marywilska;Geograficzne
ul. Matki Kazimiery Gruszczyńskiej;Patroni
ul. Matygówka;Inne
ul. Mała;Neutralne
ul. Mały Łążek;Neutralne
ul. Mańkowska;Geograficzne
ul. Mchu;Przyrodnicze
ul. Meliorantów;Techniczne
ul. Mestwina II;Patroni
ul. Michała Koźlika;Patroni
ul. Michała Wywiórskiego;Patroni
ul. Mieczysława Palucha;Patroni
ul. Mirkowska;Geograficzne
ul. Mitkowskiego;Patroni
ul. Międzygórska;Geograficzne
ul. Międzyleśna;Przyrodnicze
ul. Modzerowska;Geograficzne
ul. Montrealska;Geograficzne
ul. Morwowa;Przyrodnicze
ul. Mostowa;Techniczne
ul. Motławska;Geograficzne
ul. Mszanowska;Geograficzne
ul. Muchomorowa;Przyrodnicze
ul. Murowana;Neutralne
ul. Murzynowskiego;Patroni
ul. Myślinka;Przyrodnicze
ul. Młodkowskiego;Patroni
ul. Młyńska Brama;Historyczne
ul. Na Huby;Geograficzne
ul. Na Murawie;Przyrodnicze
ul. Na Niwach;Przyrodnicze
ul. Na Nowinach;Przyrodnicze
ul. Na Oklu;Inne
ul. Na Sadlarz;Inne
ul. Na Widoku;Neutralne
ul. Na Węgry;Geograficzne
ul. Naczelnikowska;Geograficzne
ul. Nad Badoniem;Geograficzne
ul. Nad Browiną;Geograficzne
ul. Nad Fiszorem;Geograficzne
ul. Nad Leśnym Potokiem;Przyrodnicze
ul. Nalepy;Inne
ul. Narwiańska;Geograficzne
ul. Narzędziowa;Techniczne
ul. Niebanalna;Neutralne
ul. Niecała;Neutralne
ul. Niezwykła;Neutralne
ul. Niterów;Inne
ul. Nogatowa;Geograficzne
ul. Norki;Przyrodnicze
ul. Nowe Borki;Przyrodnicze
ul. Nowe Osiedle;Neutralne
ul. Nowofolwarczna;Neutralne
ul. Nowokrzeszewska;Geograficzne
ul. Nowy Zjazd;Neutralne
ul. Nurkowa;Techniczne
ul. Nędzy-Kubińca;Patroni
ul. Oberconiówka;Inne
ul. Obrońców Granicy;Historyczne
ul. Ochla-Księżycowa;Przyrodnicze
ul. Ochla-Topolowa;Przyrodnicze
ul. Ochocka;Geograficzne
ul. Ogarów Polskich;Historyczne
ul. Ogiermana;Inne
ul. Ogólna;Neutralne
ul. Okoliczna;Neutralne
ul. Okrzewska;Geograficzne
ul. Olecka;Geograficzne
ul. Olendry Duże;Geograficzne
ul. Organistów;Techniczne
ul. Orkiszowa;Przyrodnicze
ul. Orląt Lwowskich;Historyczne
ul. Orłów Piastowskich;Historyczne
ul. Osadników Ziemi Sianowskiej;Historyczne
ul. Osiedle Bronkowo;Neutralne
ul. Osiedle C;Neutralne
ul. Osiedle Malutkie;Neutralne
ul. Osiedle Rzemieślnicze;Techniczne
ul. Osiedle Sitnickie;Geograficzne
ul. Osiedle Spółdzielców;Techniczne
ul. Osiedle Szkolne;Techniczne
ul. Osiedle Zalesie;Przyrodnicze
ul. Ostrzycka;Geograficzne
ul. Otalżyńska;Geograficzne
ul. Otawska;Geograficzne
ul. Ottona i Jana Pileckich;Patroni
ul. Oświaty;Techniczne
ul. PPS-u;Historyczne
ul. Pamięci Ofiar II Wojny Światowej;Historyczne
ul. Pancerna;Techniczne
ul. Panońska;Geograficzne
ul. Park Hutniczy;Techniczne
ul. Pasjonatów;Neutralne
ul. Pawliki;Inne
ul. Pawła Kołowrockiego;Patroni
ul. Pawła Rogowskiego;Patroni
ul. Pawła Zołotowa;Patroni
ul. Petroneli Pawłowskiej;Patroni
ul. Piaczyńskiego;Patroni
ul. Piastowa;Historyczne
ul. Piastów Bytomskich;Historyczne
ul. Piecowa;Techniczne
ul. Pijarów;Historyczne
ul. Pilczycka;Geograficzne
ul. Pintala;Patroni
ul. Piotra Kowalskiego;Patroni
ul. Piołunowa;Przyrodnicze
ul. Piętnastki;Historyczne
ul. Pl. Winniczny;Przyrodnicze
ul. Plac Jedności Robotniczej;Historyczne
ul. Plac Kolejowy;Techniczne
ul. Platona;Patroni
ul. Pleciona;Neutralne
ul. Plątnowska;Geograficzne
ul. Pniewska;Geograficzne
ul. Pocztarska;Techniczne
ul. Pod Aniołami;Neutralne
ul. Pod Górale;Geograficzne
ul. Pod Lipą;Przyrodnicze
ul. Pod Sikornikiem;Przyrodnicze
ul. Podbiałowa;Przyrodnicze
ul. Podhajce;Geograficzne
ul. Podkościół;Neutralne
ul. Podleska;Przyrodnicze
ul. Podolańska;Geograficzne
ul. Podpułkownika Prusa;Patroni
ul. Podwisłocze;Geograficzne
ul. Poetów;Techniczne
ul. Pograniczna;Geograficzne
ul. Pojezierze;Przyrodnicze
ul. Polana Leśna;Przyrodnicze
ul. Polskich Dzieci Wojny;Historyczne
ul. Polskiego Sierpnia;Historyczne
ul. Popielarska;Techniczne
ul. Popielnik;Inne
ul. Poplińskich;Patroni
ul. Porozumienia Jastrzębskiego;Historyczne
ul. Porucznika Stefano Elli Marchettiego;Patroni
ul. Potockiego;Patroni
ul. Ppłk Franciszka Herzoga;Patroni
ul. Prawocińska;Geograficzne
ul. Promenada X-lecia;Historyczne
ul. Prymulki;Przyrodnicze
ul. Pryncypalna;Neutralne
ul. Przeczna;Neutralne
ul. Przed Koleją;Techniczne
ul. Przemkowska;Geograficzne
ul. Przy Piekiełku;Neutralne
ul. Przydatki;Neutralne
ul. Przygórze;Przyrodnicze
ul. Przylep-Źródlana;Przyrodnicze
ul. Przęślik;Techniczne
ul. Ptolemeusza;Patroni
ul. Puszczyków;Przyrodnicze
ul. Puławiaków;Geograficzne
ul. Pułkownika Mariana Sołtysiaka "Barabasza";Patroni
ul. Pyrzyczańska;Geograficzne
ul. R. Kalinowskiego;Patroni
ul. Racula-Mariana Załuckiego;Patroni
ul. Racula-Oliwkowa;Przyrodnicze
ul. Radki;Inne
ul. Radostkowska;Geograficzne
ul. Raducowa;Geograficzne
ul. Rajgrodzka;Geograficzne
ul. Raki;Przyrodnicze
ul. Rakowiecka;Geograficzne
ul. Ratownicza;Techniczne
ul. Recyklingowa;Techniczne
ul. Regina;Patroni
ul. Rehabilitacyjna;Techniczne
ul. Resorowa;Techniczne
ul. Rewolucji 1905 Roku;Historyczne
ul. Rodziny Czosków;Patroni
ul. Rodziny Hiszpańskich;Patroni
ul. Rodziny Niecieckich;Patroni
ul. Rogoźnicka;Geograficzne
ul. Romana Gesinga;Patroni
ul. Romana Hoppe;Patroni
ul. Rozdrażewska;Geograficzne
ul. Rozrywkowa;Neutralne
ul. Ruczaj;Przyrodnicze
ul. Rybno;Przyrodnicze
ul. Rynek im. Powstańców 1863;Historyczne
ul. Rzeczycka;Geograficzne
ul. Rzemieślników;Techniczne
ul. Różanecznikowa;Przyrodnicze
ul. Róży Luksemburg;Patroni
ul. Rębkowska;Geograficzne
ul. Samorządowców;Techniczne
ul. Samsonowska;Geograficzne
ul. Sand Valley;Przyrodnicze
ul. Sandomierska;Geograficzne
ul. Saskie Góry;Przyrodnicze
ul. Semanowizna;Inne
ul. Seraf;Inne
ul. Siedliczan;Geograficzne
ul. Siedmiogóra;Przyrodnicze
ul. Skarpa;Przyrodnicze
ul. Skotnia;Inne
ul. Skowronkowa;Przyrodnicze
ul. Skromna;Neutralne
ul. Smolnicka;Geograficzne
ul. Smudzówka;Inne
ul. Smętna;Neutralne
ul. Sobieskiego;Patroni
ul. Sobocka;Geograficzne
ul. Sojawa;Inne
ul. Solownia;Techniczne
ul. Sołtysa Dytmara;Patroni
ul. Srebrne Ogrody;Przyrodnicze
ul. Stadnina;Techniczne
ul. Stanisława Brzęczkowskiego;Patroni
ul. Stanisława Dygata;Patroni
ul. Stanisława Kosińskiego;Patroni
ul. Stanisława Kotera;Patroni
ul. Stanisławy Dowgiałło;Patroni
ul. Stanisławy Nadstawek;Patroni
ul. Stanisławy Wysockiej;Patroni
ul. Stankowizna;Inne
ul. Starczanowska;Geograficzne
ul. Stare Wiślisko;Przyrodnicze
ul. Starostokowa;Inne
ul. Starozamkowa;Historyczne
ul. Stasia i Nel;Patroni
ul. Stefana Bieszka;Patroni
ul. Stefana Burhardta;Patroni
ul. Stefana Chrapkiewicza;Patroni
ul. Stefana Grodzickiego;Patroni
ul. Stefana Mazurkiewicza;Patroni
ul. Stefanii Kuropatwińskiej;Patroni
ul. Stefanii Sempołowskiej;Patroni
ul. Stoicka;Neutralne
ul. Stokrotek;Przyrodnicze
ul. Strajku Łódzkich Studentów w 1981 r.;Historyczne
ul. Stronie;Neutralne
ul. Strzelczyka;Przyrodnicze
ul. Strękowska;Geograficzne
ul. Styropianowa;Techniczne
ul. Sywarne;Inne
ul. Szadecka;Geograficzne
ul. Szampańska;Neutralne
ul. Szczegów;Inne
ul. Szczerkowska;Geograficzne
ul. Szermiercza;Techniczne
ul. Szoje;Inne
ul. Szostoka;Inne
ul. Sztutowska;Geograficzne
ul. Szumiących Fal;Przyrodnicze
ul. Szymona Kossobudzkiego;Patroni
ul. Sąchocka;Geograficzne
ul. Słomczyńska;Geograficzne
ul. Słoneczne Górki;Przyrodnicze
ul. Słoneczny Zakątek;Przyrodnicze
ul. Słopnicka;Geograficzne
ul. Słupskich;Geograficzne
ul. Taborowa;Techniczne
ul. Tadeusza Bora Komorowskiego;Patroni
ul. Tadeusza Brzozowskiego;Patroni
ul. Tadeusza Jasińskiego;Patroni
ul. Tadeusza Rechniewskiego;Patroni
ul. Tadeusza Starca;Patroni
ul. Teodora Kalidego;Patroni
ul. Teodora Marszałka;Patroni
ul. Teofila A. Lenartowicza;Patroni
ul. Teofila Jaśkiewicza;Patroni
ul. Teresy Gabrysiewicz;Patroni
ul. Tokarska;Techniczne
ul. Tomasza Sikorskiego;Patroni
ul. Torfa Załęskiego;Przyrodnicze
ul. Trakt Piastowski;Historyczne
ul. Trynkowa;Inne
ul. Trójpole;Inne
ul. Tulipanów;Przyrodnicze
ul. Ujrzanowska;Geograficzne
ul. Unii Horodelskiej;Historyczne
ul. Uniwersału Połanieckiego;Historyczne
ul. Václava Havla;Patroni
ul. Wacława Hulewicza;Patroni
ul. Waltorni;Techniczne
ul. Wandy Jordanówny;Patroni
ul. Watykańska;Geograficzne
ul. Wał Piastowski;Historyczne
ul. Wał Zawadowski;Geograficzne
ul. Wałuszewska;Geograficzne
ul. Wenecjańska;Geograficzne
ul. Widlińska;Geograficzne
ul. Wielka Skotnica;Przyrodnicze
ul. Wielo Droga;Neutralne
ul. Wietrzykowskich;Patroni
ul. Wigerska;Geograficzne
ul. Wiktora Zbyszewskiego;Patroni
ul. Wileńska;Geograficzne
ul. Wirowska;Geograficzne
ul. Wisłocza;Geograficzne
ul. Witolda Regera;Patroni
ul. Wiązarowa;Techniczne
ul. Wiślisko;Przyrodnicze
ul. Wiśniowa Polana;Przyrodnicze
ul. Wojciecha Bąka;Patroni
ul. Wojciecha Górskiego;Patroni
ul. Wronczyńska;Geograficzne
ul. Wyględowska;Geograficzne
ul. Wyszogrodzka;Geograficzne
ul. Władysława Broniewskiego;Patroni
ul. Władysława Franasia;Patroni
ul. Władysława Kamelskiego;Patroni
ul. Władysława Odonica;Patroni
ul. Władysława Pniewskiego;Patroni
ul. Władysława Ruckiego;Patroni
ul. Władysława Spasowskiego;Patroni
ul. Włókiennicza;Techniczne
ul. Za Komendą;Neutralne
ul. Za Targiem;Neutralne
ul. Zabłocińska;Geograficzne
ul. Zadębie;Inne
ul. Zagonki;Inne
ul. Zagrodowa;Neutralne
ul. Zamkowa Wola;Neutralne
ul. Zaparkowa;Neutralne
ul. Zapolna;Neutralne
ul. Zastawna;Neutralne
ul. Zaułek Olgi Boznańskiej;Patroni
ul. Zaułek Starego Mielcucha;Inne
ul. Zaułek Wieluński;Geograficzne
ul. Zawada-Kożuchowska;Geograficzne
ul. Zawada-Wrzosowa;Przyrodnicze
ul. Zbigniewa Gęsickiego "Juno";Patroni
ul. Zbrza;Geograficzne
ul. Zbąszyńska;Geograficzne
ul. Zielarzy;Przyrodnicze
ul. Zielone Łąki;Przyrodnicze
ul. Zielonej Gęsi;Przyrodnicze
ul. Ziomkowa;Neutralne
ul. Zmuliska;Inne
ul. Zuchowa;Neutralne
ul. Zygmunta Psarskiego;Patroni
ul. Zygmunta Łoteckiego;Patroni
ul. Zygmuntowo;Patroni
ul. Złote Tarasy;Przyrodnicze
ul. Złotych Kłosów;Przyrodnicze
ul. aleja Tadeusza Mazowieckiego;Patroni
ul. bp. Juliusza Burschego;Patroni
ul. bł. Księdza Dańkowskiego;Patroni
ul. bł. ks. Ignacego Kłopotowskiego;Patroni
ul. bł. ks. Michała Woźniaka;Patroni
ul. doktor Romany Pachuckiej;Patroni
ul. doktora Jeremiasza Sowiakowskiego;Patroni
ul. dr Aleksandra Dobkiewicza;Patroni
ul. dr Ireny Białówny;Patroni
ul. dr. Eugeniusza Rytla;Patroni
ul. dr. Jana Gołąba;Patroni
ul. dr. Judyma;Patroni
ul. dr. Józefa Matuszewskiego;Patroni
ul. dr. Kazimierza Ptaszyńskiego;Patroni
ul. dr. Tadeusza Wagnera;Patroni
ul. dr. Władysława Dmocha;Patroni
ul. gen. Jakuba Jasińskiego;Patroni
ul. gen. Józefa Chłopickiego;Patroni
ul. gen. Józefa Dwernickiego;Patroni
ul. gen. Orlicz-Dreszera;Patroni
ul. im. Ppłk. Hieronima Kupczyka;Patroni
ul. inż. Bohdana Apolinariusza Łozińskiego;Patroni
ul. kard. Wyszyńskiego;Patroni
ul. kmdr ppor. Bogusława Krawczyka;Patroni
ul. kmdr. Krawczyka;Patroni
ul. kpt. Adama Walczaka;Patroni
ul. kpt. Antoniego Kozłowskiego;Patroni
ul. kpt. Henryka Boryczki;Patroni
ul. kpt. Jana Łuczyńskiego;Patroni
ul. kpt. Józefa Szyftera;Patroni
ul. kpt. Leonida Teligi;Patroni
ul. kpt. Stefana Pogonowskiego;Patroni
ul. ks. Antoniego Szlęzaka;Patroni
ul. ks. Bolesława Domańskiego;Patroni
ul. ks. E. Zawiszewskiego;Patroni
ul. ks. Ignacego Budzisza;Patroni
ul. ks. Ignacego Charszewskiego;Patroni
ul. ks. Ignacego Krasickiego;Patroni
ul. ks. J. Twardowskiego;Patroni
ul. ks. Jana Nygi;Patroni
ul. ks. Józefa Czempiela;Patroni
ul. ks. Józefa Kurzawy;Patroni
ul. ks. Józefa Panasia;Patroni
ul. ks. Narcyza Putza;Patroni
ul. ks. Prałata Czesława Majorka;Patroni
ul. ks. Pronobisa;Patroni
ul. ks. Stanisława Bełcha;Patroni
ul. ks. Stanisława Nizińskiego;Patroni
ul. ks. Stanisława Pielasy;Patroni
ul. ks. Stefana Pawlickiego;Patroni
ul. ks. Wacława Blizińskiego;Patroni
ul. ks. dr. Bernarda Sychty;Patroni
ul. ks. kard. Wyszyńskiego;Patroni
ul. ks. prał. Stefana Gibały;Patroni
ul. księdza Jerzego Popiełuszki;Patroni
ul. mjr Adolfa Pilcha;Patroni
ul. mjr. Bolesława Zagórnego;Patroni
ul. mjr. Kazimierza Kociatkiewicza;Patroni
ul. por. Leona Włodarczaka;Patroni
ul. ppor. Edmunda Łopuskiego;Patroni
ul. ppłk. Włodzimierza Kowalskiego;Patroni
ul. prof. Józefa Więckowskiego;Patroni
ul. prof. Marii Dzielskiej;Patroni
ul. prof. Stanisława Kontkiewicza;Patroni
ul. prof. Wiesława Krautforsta;Patroni
ul. płk. Witolda Roszkowskiego;Patroni
ul. Łagiewniki;Geograficzne
ul. Łaniewska;Geograficzne
ul. Łaska;Neutralne
ul. Łemkowska;Geograficzne
ul. Łotewska;Geograficzne
ul. Łukasińskiego;Patroni
ul. Łysa Góra;Przyrodnicze
ul. Łąkowa;Przyrodnicze
ul. Łęgi;Przyrodnicze
ul. Ścieżkowa;Neutralne
ul. Śnieżne Kotły;Przyrodnicze
ul. Śpiewna;Neutralne
ul. Średzka;Geograficzne
ul. Śródmieście;Neutralne
ul. Św. Franciszka z Asyżu;Patroni
ul. Św. Jakuba;Patroni
ul. Św. Marka;Patroni
ul. Św. Ojca Pio;Patroni
ul. Świstacza;Przyrodnicze
ul. Świętego Brata Alberta;Patroni
ul. Świętego Józefa Robotnika;Patroni
ul. Świętej Jadwigi Królowej;Patroni
ul. Świętopełka Wielkiego;Patroni
ul. św. Jana Pawła II;Patroni
ul. św. Józefa Sebastiana Pelczar;Patroni
ul. św. Krzysztofa;Patroni
ul. św. Medarda;Patroni
ul. św. Onufrego;Patroni
ul. Źródelna;Przyrodnicze
ul. Żarska;Geograficzne
ul. Żniwna;Przyrodnicze
ul. Żukowa;Przyrodnicze